name,category,color,tags,gender,image_url,version
Beige Casual Overshirt,outerwear,beige,casual|layering,male,https://storage.googleapis.com/wowapp1406.firebasestorage.app/staples_male_v2/Beige%20Casual%20Overshirt.png?GoogleAccessId=firebase-adminsdk-fbsvc%40wowapp1406.iam.gserviceaccount.com&Expires=2082758400&Signature=gYovN6b1PT2c8x93E%2FovExVotsidG5Rmqpu7d%2FjigiufEjLK%2FF4%2Bo0sCyhmVjQGCpqE2iF5B61M%2FHgHsfnjOTcS8d%2Bi27Kp9t3PeA%2FhMobtOq6sGx67KcEQV6NDtmMDM4xVTglxLRp3euomL7tnMlcATmqTXtR%2BYC4HfcaBB%2BzEsp2KgXcCKGfMEmYtsdE4IJ5Z02gWB9HXsQbxQG2DwR6DCDHG%2B3kYuAgq3nxVMT40lDJdvhhgLRHD2kAbUsvDnZZxxpmJFonSTXjT7rO5vV%2F1Uq6E0FPC698JqYO7iUExsJ%2F%2Fx%2Fa%2BM3GzJC75BmI4If4s%2FfTdf9AENW7z%2BRDEqtA%3D%3D,v2
Beige Casual Shorts,bottom,beige,casual|summer,male,https://storage.googleapis.com/wowapp1406.firebasestorage.app/staples_male_v2/Beige%20Casual%20Shorts.png?GoogleAccessId=firebase-adminsdk-fbsvc%40wowapp1406.iam.gserviceaccount.com&Expires=2082758400&Signature=OghgOLCGh7URu%2FCzNif5vCPfCXSvwgJiZyD0e%2FjzNYe0x7it6hwGqjFHu2iaSCjvsDe4oQghjdBA1GKe8q0LrbFI7O48OG27rfMvzOlaRzIQquVuuX0mTvJHwaLt20Hx57p6%2Fb139iWveGUESUzUejhOkhaFKCazOGqPCepl57lmBRlN83abEUExGH7iNFLl1klFUpT4TFHdvalIZp%2BlcEMLaUBFAHdpfGlGBwfdz9g29hz9bcTRzCd%2BqvAJ7UPgTvoPZz7Ad0f38WCKzJF%2FVxhp0IRxdPVcFCVUPB5uXBMdvHO%2B%2FZxgw%2BGGzNIdE02JV4iHA07VnWfiKkkz09tNrQ%3D%3D,v2
Beige Chinos,bottom,beige,,male,https://storage.googleapis.com/wowapp1406.firebasestorage.app/staples_male_v2/Beige%20Chinos.png?GoogleAccessId=firebase-adminsdk-fbsvc%40wowapp1406.iam.gserviceaccount.com&Expires=2082758400&Signature=cjU7Rs8phXARZppJQZxjNPAsHAb%2FF7XfY6m2LmAIER1cTxFHoZHLWKOgW6TTjxqGBqSzfWNvSmyd0%2BMzMx0sHGekQb82fV44HegQ4Aih0FkF1%2FC%2FZwo%2BQKb%2FToy2NIC6AT%2F4lYq0R9n06ycX%2BV58SIxisgyOerSAQGtCgMHVkJKljMwe0LHzkwCZDMkDnidqjyxmbKUsXLMQieYMqqzFVgCo46Z7R7SapKEh1oPo8HjEz7Ko4FxVM1gK0vh34kDje7cJRV0M2jABj9aGZg0saSI4skoJ3pyCcFIHYZxb%2F6oQeiuZy%2FsdV2AMNCszxFW%2Fi%2FX05bbn2CwFA%2B4vb9D5JQ%3D%3D,v2
Beige Neutral Crewneck Sweater,top,beige,basic,male,https://storage.googleapis.com/wowapp1406.firebasestorage.app/staples_male_v2/Beige%20Neutral%20Crewneck%20Sweater.png?GoogleAccessId=firebase-adminsdk-fbsvc%40wowapp1406.iam.gserviceaccount.com&Expires=2082758400&Signature=gy2cRhjHmZ95R0ThwSGPEEs0Y7oaogUPoyw4F%2BTOAKRlH7Gv16gfFG1CeawWBE4ZD6JN5pFG5lz5k76LBtjQf992%2Bv9silf9TWIGw020Hxecnv6GPphE4iT4Iy8l%2F%2F8McxDaQ%2Bb%2FL88OkK4TK3k2cGweou1oI9WKpSPcrnZPm3pxwTiNnKWB4PAhD4JEF0%2BlFvjapGnrUh9nn2I18Cw0qEyWdavAuhnaUjgdTc2pmPdx8E1TjfG9Qsgw6a5Imsb68VVUf%2BD1GieKJP6TVBhMZG3Lx2EEgPkcwXLzsr4di5tsvg1By4kfulQBTLzYf8WI6WEbNEAjcO7hqjF8gXSjkQ%3D%3D,v2
Beige Zip-Up Jacket,outerwear,beige,layering,male,https://storage.googleapis.com/wowapp1406.firebasestorage.app/staples_male_v2/Beige%20Zip-Up%20Jacket.png?GoogleAccessId=firebase-adminsdk-fbsvc%40wowapp1406.iam.gserviceaccount.com&Expires=2082758400&Signature=MXdoKwpDZ2Z9ypX0bS4w2wX8CPDCZRm9wkyUH%2B1mmmR8bN44or9PHZJuXggnRS0uFnCGFeqoBRnFfkbS7TPx%2FTr8237ZUAJIpdxkHQdnVkz7AY1R84RTBwSRX5JvmF6eSeiSCpVparvh7%2BJBFugDwfM80USVnNT2wYI3A4F%2BZ8WDeqAC6m8fNEl19e25eBg7G8SbpKRTrZv3S67NNvrkc9ffKtY8vq%2B%2BbjLo89VW8t4qmI4DAVAy44QDjkj9taXh2Sjzqf9Hk77vz9UVUGljTf91QlfWJNB641ChUoDDRIVMALzVqpFdjb72TwitRNOgFik%2FzeSpIn0TbN3u7869fA%3D%3D,v2
Black Blazer,outerwear,black,,male,https://storage.googleapis.com/wowapp1406.firebasestorage.app/staples_male_v2/Black%20Blazer.png?GoogleAccessId=firebase-adminsdk-fbsvc%40wowapp1406.iam.gserviceaccount.com&Expires=2082758400&Signature=M1rOneg5jmwAByTTzE1mFFdOyTDlgV3QD7M6L3GWvxET5sDP0gVq0ukWqHbRyYwZoiC%2BsnpGsT1V1lHtgUCXV9ij7bkg0roCwe8vuaaBSQwi5TO3YhjNeylOB5%2BSNOgCWfavRpwKTJ6SvHXwzxf1duzYcNJhrAQuhjjnFutt6UTeke2Bnyo7vCGvAgRdFk68iBnGbqZenoZMuVXYDsanRh75lLMNOIzsJfEvvtVhf1MpArV67g0lto5R2eBKr8ccU1BzB7QW7r%2FRijqNTCetcoqTWVdmCPvEmmO3QnJX8KZT0fm6A4pCVJgYBE2VoFn3UJEdh0MID6D%2B6GcB3U8ptg%3D%3D,v2
Black Bomber Jacket,outerwear,black,layering,male,https://storage.googleapis.com/wowapp1406.firebasestorage.app/staples_male_v2/Black%20Bomber%20Jacket.png?GoogleAccessId=firebase-adminsdk-fbsvc%40wowapp1406.iam.gserviceaccount.com&Expires=2082758400&Signature=KS%2F59CzgoFVkS4pw33rFtg%2BcZnpnJPQOJKdptEqQBbskPB%2BcfgjL%2FOpx4xwex3HM5%2BmP0i9DaIReS%2F5NpXToU%2BFEAIPyPEumS%2FGfwpMUDb1h40frzRLkJCKOCqxAf0HQXoWSywfiPY64WZW3MxNkgp2l0Jfzvsmjchy6v2Xql71FDF%2B2BfZ0EBWz8F43eRU6EI7CG16C4D3371SX1NGnhYi6tlGVoKaRu8DWZRMsIr5APrcYNltEGsKqVaaUCix9yyIG5GPdJgk%2F54bn5vjZZizcsnG5cBTtXS7LTfGyNnI82IUBfb3qrtzju5DEjRi7Z3QaJd5QfaBiHoumqwsUcQ%3D%3D,v2
Black Casual Shirt,top,black,casual,male,https://storage.googleapis.com/wowapp1406.firebasestorage.app/staples_male_v2/Black%20Casual%20Shirt.png?GoogleAccessId=firebase-adminsdk-fbsvc%40wowapp1406.iam.gserviceaccount.com&Expires=2082758400&Signature=ZLGMoKotn55PSARf%2BnnHW7GBhnR%2B%2ByL7tPVysc1GIpSNu523r30y5C4%2Fh7zZBM96y0qLN3W%2FdbZ4scocLKdJcVlgYqGNDHgZUZUMSxyMoTdqvKKQ7xnsYlXBsz2hykPEBJ6W%2Flr4zAml6wdLAzmuGiyjw9xQmNlSHNkMTlvKqdMba65ByXXT8HzpDzwPbxi3wfHiek2emf7XVZQZGUmkEzXwdwS1kEK%2BzFG4hjec4I1shAznvKU1cmewDwIEzvjz05kgb2QKR6DKK09mR5Gsi7rk8NlBqbaztwarBuI%2FSOwfcgybtcuPA2rzx1cQ6ENp%2Bnp6KdZUvoP1w18WtcM9wg%3D%3D,v2
Black Crewneck T-Shirt,top,black,basic,male,https://storage.googleapis.com/wowapp1406.firebasestorage.app/staples_male_v2/Black%20Crewneck%20T-Shirt.png?GoogleAccessId=firebase-adminsdk-fbsvc%40wowapp1406.iam.gserviceaccount.com&Expires=2082758400&Signature=CKmzuguXrWYUXcRkxPE1YmkBR8mfufb%2BNqEqpIllRqOOxCwWh7DxKUYuWrREnOn5XESPGhkWB8FJMw%2FrjHzHuxA9VXNQYcYx2Se2cSiUMElWFSMtuGfAlqiPMAA5p8%2BLNtJyrVyPiBvNh%2FkI2rPPAZP9xJCWjPGFGsOYFv%2FbSi2J7%2FW5Yq8XFiHNraYBJGqexw4TYlWX8sxxBDyvOrl1xoyl2ySO489MzV7owemHeVzCDSesfdY3DU5gcqwI%2BQBLg6yPS8G9sXdCUba4WKxiJaNCSVDuvlPWAeO6lg3XQnsw340tOIXgNbMigqqHxMcSpMneYvA9PGRDsaVr4CQLQQ%3D%3D,v2
Black Formal Shoes,shoes,black,formal|everyday,male,https://storage.googleapis.com/wowapp1406.firebasestorage.app/staples_male_v2/Black%20Formal%20Shoes.png?GoogleAccessId=firebase-adminsdk-fbsvc%40wowapp1406.iam.gserviceaccount.com&Expires=2082758400&Signature=QtpG2ZfXEg3xr6j0I8g3lUtnTPlIc9cciloWzmyv4qXxEcZkg44FmFrHiwC8cTQwVD4mTdGBy%2BBGmbYjTgzixwzvnhLTHfmYOp259rbXWfwIaWqRDSQ9YSj5QVbC1dkO%2FIiC6GWVUOtFhzyo00XSSV8G9KEVLDuX6sYWqW48umjgflBhI8Jg2kRyeECMS830A5aBizGJ9ag55fFtiqFYz8uak8xo%2FJCjJtponKbuSgZFzkBpC8DsoAzjTjK9mGVevJ4JjX3cqYX4EDrdED7LG8JNsTN7zMHFWShQ8Jgtuqdo6g%2BqVPuboS1%2Fja2%2FoROW8MzNQqThoi7Xa4t%2BihG56A%3D%3D,v2
Black Formal Socks,accessory,black,formal|classic,male,https://storage.googleapis.com/wowapp1406.firebasestorage.app/staples_male_v2/Black%20Formal%20Socks.png?GoogleAccessId=firebase-adminsdk-fbsvc%40wowapp1406.iam.gserviceaccount.com&Expires=2082758400&Signature=yjnB6mS%2BTNejwht9tQ66AijfDCvW5E2P%2BmhQb%2FoFpnke5tkQoVBCq1y9yI4CIzrw1JuiEldTB7Lu%2FJNkqF%2FWkC2DNZwkyOP%2Fu9M3QqY17HsG6asl5ELe7zZdkXw2m0NfCnCRI3%2BrWVN%2Bxqdcr3or391hdZHqLNfe4yq9aPmcsqbqWQD5JQuey%2FP6Yk636YQ97wEfPPqcvZ0ZBkRxtmz8YOw9oosUkEhv9OBdCEeAokFBkilOyWk68ux2xTIutbwy%2B9Chbv3078Z8VYbZbh4Q42AC19bcJEyyVxjGBw%2BDTDEcq1bUGfJn9xBntEW16Q1wxmNJPEc5sPv69gz9Snmhsw%3D%3D,v2
Black Hoodie,top,black,comfort,male,https://storage.googleapis.com/wowapp1406.firebasestorage.app/staples_male_v2/Black%20Hoodie.png?GoogleAccessId=firebase-adminsdk-fbsvc%40wowapp1406.iam.gserviceaccount.com&Expires=2082758400&Signature=yzwEtZohEmIiI1b0sw6GHKJ%2BZ8NFBFeJSUFi9gBSxCqnhegCupyTZK33VEfLHSmIhEmct77thWKirx7mVHRKgl1CA7sgxHIJRLzzNhWKlaYzyUtehtqBngOzjUukE0NcjJBsFfm4dbcfjog8hzrGsNzN4Qcof%2FPip7a36P7ENZUdal6NRIvpkdtnHEK536gwuNKeSExe0zZyChVm8A%2FUJB7U80NsM%2BAIm0g%2FXqjMCcu5E4YeM5ZOWmCQl3zdzo%2Bn1wgiqu2R9%2Fo%2FbvpMcS90rOq2qnARCTgURQ0fbLKQWbxxmw%2Fe%2BkZUpmqGm6WycMJ%2B4iFRYOijMZ5XqN2hqLyNIQ%3D%3D,v2
Black Jeans,bottom,black,,male,https://storage.googleapis.com/wowapp1406.firebasestorage.app/staples_male_v2/Black%20Jeans.png?GoogleAccessId=firebase-adminsdk-fbsvc%40wowapp1406.iam.gserviceaccount.com&Expires=2082758400&Signature=kOw%2F%2B9GauPlQs%2BjSe4WYIZ%2BeL%2FUTHF2NBy3mpvg1NJIylAFIkcNdRxEG8b1Q%2F12y2TYGpKElWdEV66CL3NXqVulQd8MTX9zCuY6eytUuvSZUI%2B6X6Pdsd1Lt9Y6HHOeGNH5oMwmFa%2BbTPiLrbWnzwvpCHShlIOayJ0x4ggDz%2Bvy65imlGkqO21P2Tx4W0bI94nwqodNJ5%2BTeHlSEcTjfQOei5HRmECXwH5%2F%2Fj1Prh0BEJDYPyQy8%2BmNxTAkofgedWL%2F0OdXUskWzt%2BOZ%2BAtLxXSoZ7Bp0Tsfhlkya849dGS40RSc3D5uh39AFgPa5TEWB92NFnzb8KmD1ctBLxL55g%3D%3D,v2
Black Joggers,bottom,black,comfort,male,https://storage.googleapis.com/wowapp1406.firebasestorage.app/staples_male_v2/Black%20Joggers.png?GoogleAccessId=firebase-adminsdk-fbsvc%40wowapp1406.iam.gserviceaccount.com&Expires=2082758400&Signature=Ykg5TDv07RWZqUyUT%2FwxCW6e98bH0591TJ%2FekAn7qRKQlQ9aHPdQtLVpa3WMthEWeDn98VqB2%2BEEM1Ier8bFKgetoWPi2DZCUfm5DVq1RQtIm2Y53SGagawTl7LhyR6QePYmRaBqmhGXTojIDfCQotjbt%2F4nlPGO3CdjDNbuOoRz2Z8C2v%2FERXDKPpKwazH1k3V%2BeXWftvwJN9XFU7%2Ft41zjTX2t1CZAy5eRZIgqxaUZFMdOzX86J%2FtrHm33UjLrGR808BbbytEFa%2BU9wxaXgAhNXci0W5mDpiBLtihkmXvaetxcLPPMC9930hAB7dpl0zz0WzwxA55ZkWvc33eDuA%3D%3D,v2
Black Leather Belt,accessory,black,classic,male,https://storage.googleapis.com/wowapp1406.firebasestorage.app/staples_male_v2/Black%20Leather%20Belt.png?GoogleAccessId=firebase-adminsdk-fbsvc%40wowapp1406.iam.gserviceaccount.com&Expires=2082758400&Signature=CYYIO%2Bf3Lm4emzMRB8wG7%2BzpmDTLRB54uEjWquVXCuM%2FDec05N8VxCVbOKTGpz35WiIygtaUiMZzesnYfEasZcm4ITYJkFBPpvKBKQh3UrOHPtz2Yk9avro0NSW1Q8wIh%2BxWOZREei7bSshs5F61d%2BTmWbXYlbjauy%2FqJzc0lguGcUEfyup2T7nMQhOrya%2Bh%2FcDm3VsHwsZGJM46XqJKcdfvEEoIYwbw1mnqRI45LYun9NMR5rViU%2BMNNTNvccQdkWhV245jISHsWPQtr5PMKGwKb9hHsAmnadPXlODyHZZb5usSwP1sR6KBSa9BeN5yxyUz78yE%2BRl4qk3%2BT3KiQQ%3D%3D,v2
Black Polo T-Shirt,top,black,,male,https://storage.googleapis.com/wowapp1406.firebasestorage.app/staples_male_v2/Black%20Polo%20T-Shirt.png?GoogleAccessId=firebase-adminsdk-fbsvc%40wowapp1406.iam.gserviceaccount.com&Expires=2082758400&Signature=wVLUQfNavGNeFCykSZ%2Fpcu4xppogTA02IOOs68rqIf0%2Fv92pxIY6QyqjCn1vGXxp%2B1qU6HxuXKBPKDklZl9rvvLumw6KPS30SY61iVgq%2BfDrkA%2F8r9WpHNVF6vRG69U4eohHuvC4ZXpleO8FvYLSX%2B0FvVNBU9pWJV1v27SWoDBkFyGFxt1iwX1Xr5TuKMax2YClja2StHFroooMxuC0xIvz7updC8aLTQQbFNYOBzNVm2PNKL%2FqsfYijJHR3oGpm3q6bLsFHtc3FxcCrrN1XsujjSMRWmTh6FdoWyu14HrByBXaRKaVPAC00McMz5O4Zs0zF83ke8Au9xNNudXw2g%3D%3D,v2
Black Sneakers,shoes,black,everyday,male,https://storage.googleapis.com/wowapp1406.firebasestorage.app/staples_male_v2/Black%20Sneakers.png?GoogleAccessId=firebase-adminsdk-fbsvc%40wowapp1406.iam.gserviceaccount.com&Expires=2082758400&Signature=fq9WMFeoWTfKMczT5XEOgFSAjsyO%2B53v0ETzF6T2Li0n0qORG%2F798UDRgr7KHi0%2FT8wsaVrauZ4dxWuhQ9Fn7WBF%2FLFfThPMiIC5%2FOpCQLR0t0m%2FmydftSILbPgFZdSoiczqiFA31uU0x%2B7h7HB3VSgj%2Bhk1%2F1YEl6aLtV9Idcxd4uC8w41KIxWN0XcCCF1kIbXw%2BWAAp5Tl95Ws%2ByMswcKXfGKJqf1%2FAiyap4hx0NKJVOnNUCCRDsCGwFEZk8guQl8xKComaNgo4omR5ny%2B8%2FL8za4oA7vMvBxoXtORAoTKkX%2B4KJspfyO0UJ4%2BRhSjBKL1JYbb63UmXsJ5YBmXFg%3D%3D,v2
Black Trousers,bottom,black,,male,https://storage.googleapis.com/wowapp1406.firebasestorage.app/staples_male_v2/Black%20Trousers.png?GoogleAccessId=firebase-adminsdk-fbsvc%40wowapp1406.iam.gserviceaccount.com&Expires=2082758400&Signature=zjQwsu8rfqEwXFKCjWqKM4z1FD32ObLptiLeL9kYg5Q370IUkgiQVgzohxWOlK8dNkmOvA4DIZQaDM4ScvIcj7UofIaArfFLKBKM%2FBBnG92HvxcXIh8Jxm%2F%2Fj6eQhqb%2BZh99tO%2Fk5jKA%2FUUQcxLxUuMzVar1pGbxpXDVtgTYHu7Juheeh5wRWBdN4B9TIhsjj38yFf3CUkNLVY21oxYFUc6sIIxvuYBS%2BN1rDkZaEunpdXfwDCtWdY%2BZXlcL9wbrsjA3xiIR2AtWNitV7hwuBhoXxG1i2Ao5IGEn7H%2BbY%2FN7f5ZxNv4WdRQwJ2ETtxm1hoflYpP75c2jlBxkh0bHsQ%3D%3D,v2
Blue Denim Jacket,outerwear,blue,layering,male,https://storage.googleapis.com/wowapp1406.firebasestorage.app/staples_male_v2/Blue%20Denim%20Jacket.png?GoogleAccessId=firebase-adminsdk-fbsvc%40wowapp1406.iam.gserviceaccount.com&Expires=2082758400&Signature=SPTbs%2BhMoNoITI24g0ByK%2B5%2FrGk0x1W%2FDyhNw27DGoPV3%2Fu5GDdn%2BE26F220nsADBPVrG7fRvWbx7sRigiV%2Bx5vw8q2Om6fa8CIA2ztUfyKIIK%2BRezm3hyZ8JYbCNnGX1aT6wePCS3iXJSCB3%2Bmm%2FAwpjYiS3gfDcmw53FYB68%2Bmy%2B5GfRKZNF8KqhzhZVpEZVRnSZ57S7tAQiyXyW0XOll8Gzq5gW717TdhFgHHLFkw493GKp4K1sufAUuDenSeezMBMCDtVhBF%2B4pgvjuj7IqxXvGA6Wx8x2efFiJzI7BKyUHCOZ4F7dRgC4W0zJXSfc5sJLyZovmP3yW1rfwFaw%3D%3D,v2
Blue Straight-Fit Jeans,bottom,blue,,male,https://storage.googleapis.com/wowapp1406.firebasestorage.app/staples_male_v2/Blue%20Straight-Fit%20Jeans.png?GoogleAccessId=firebase-adminsdk-fbsvc%40wowapp1406.iam.gserviceaccount.com&Expires=2082758400&Signature=rolYLCEJl%2FG9oZNVUYBPhB3mIUE74ur8Ihh5JtnsbCupeBAukYp8zKzSYRwiG1ZHmQSiK%2BIzO68rKE2XJ8nm9qsOJFzTAKd%2BLhTXctIsG3Gi1a%2B9fjfYyzNPB12chefsL%2F57U1%2Fc8v5g%2BxkKwlpJqsl5g877J7asmcjt7LfQWqyUL3e1GO%2FRT3WIxwjJN2%2B4yk6p0cftTwz43XKPFK6GOO1gdKRGyA48MXQcoBIRPf6FZFq%2BpaONkaIUyOpSMYdR5jivUC6SGoHBZTvN32Srr0zbcoxD2OsZ4ecaCE8LyZrz1lfaszv9OlSaY0%2FYkGQtbPT7FbFCRk8rFgalNiQgBA%3D%3D,v2
Blue and Grey Checked Casual Shirt,top,blue,casual|smart-casual,male,https://storage.googleapis.com/wowapp1406.firebasestorage.app/staples_male_v2/Blue%20and%20Grey%20Checked%20Casual%20Shirt.png?GoogleAccessId=firebase-adminsdk-fbsvc%40wowapp1406.iam.gserviceaccount.com&Expires=2082758400&Signature=nvsqFDoqNmDZUmD8fJe2RmfIXwpf8%2BGSp0zg3CrJYvA%2Bkq8%2B%2FTs%2FWLZLqyMrlzVg9EqEMohYxsf2F5ZBVLt8tLuGkkymBWxIPPZVT7T4mEqiYQFHmdVSH13F2XnioVd0VmTnjP9kKrnrbuN9ezbnKM49shYiO8QdoSME1JNjGISRApYWbbbfIPQxEIp%2Fi5dqbmJA92dNACM4SDT1u6HCT6OBbrqz7VWaI0SxQzJMGMjFZ81RfkCkHiUbJy5SfWOr3jYJVt87W%2Ff%2BjdnfMmfUut4ojkEynl9QCA0UikFYJLQQTY7laX118D4Gr6LePtm1CP5QZCrbHtabR1K3f%2F0enA%3D%3D,v2
Brown Leather Belt,accessory,brown,classic,male,https://storage.googleapis.com/wowapp1406.firebasestorage.app/staples_male_v2/Brown%20Leather%20Belt.png?GoogleAccessId=firebase-adminsdk-fbsvc%40wowapp1406.iam.gserviceaccount.com&Expires=2082758400&Signature=UCwPhx2yjqe5HYqxe47PGR2HajYFs4RaNtD9BrCTlQY3iRCF86Jv0HoG8kNoESW7HfoQVAwXQy0eL%2BSs5m5o97YrwLDbaShFVDHrpmGS9VbjGNBZA%2F9MDrJCea3JQBvqsPz1fAkPIwz4IWopn%2F0AwWQ%2F96r3btQPISyxEnwvw9Uk%2BvwoAhR5uwSCxqku0FQCF7MIbQDKADtnlPxuNS%2FPRLps%2BdDnmQYnmAvOvDvOlqxSwuK84IwPrqpfsm6X4p9H%2BlqFzi0xyOg9MI8Zh6oDtHsI3%2FaljpWlnTC39KxWxcU7Y0dZTSeRCbayYM510PXQAlUHFmhSZZj8rVir2wJB%2FQ%3D%3D,v2
Brown Loafers,shoes,brown,everyday,male,https://storage.googleapis.com/wowapp1406.firebasestorage.app/staples_male_v2/Brown%20Loafers.png?GoogleAccessId=firebase-adminsdk-fbsvc%40wowapp1406.iam.gserviceaccount.com&Expires=2082758400&Signature=DA215Z2yBZawGObM1AbZdweShwjfrQBdsGZ%2B%2Bqrs1ttgWqkmaLz17LlUSXiDLUhlUKSiR66h5uzdOwDn3PKcVBruHwh2zkgJupWiqYi2G2dHp1Eq%2B12ogsCImUyl2W%2F%2BDoL8SKxewRoTli7MdoQpdxAr3isD88onc6nJE85s%2F%2BXcG63GH9ddJxzZV0LWKtDhutGGMTfzZEqrBUbnOfYh1gJhwNbmRWgPPaxqgSDINjrB5TeHMh36oNyMcM2SKyNtJAK7agiR0TsNSiufP4Jol2TLT%2BKo8gh0gY%2BxZdVUq5vEVhvweO1a%2BlBnBuq4iRMJHvRMMF2NnAFcLcp9VQSSyw%3D%3D,v2
Brown Slip Ons,shoes,brown,everyday,male,https://storage.googleapis.com/wowapp1406.firebasestorage.app/staples_male_v2/Brown%20Slip%20Ons.png?GoogleAccessId=firebase-adminsdk-fbsvc%40wowapp1406.iam.gserviceaccount.com&Expires=2082758400&Signature=Yx1DaraU2yDsdb73uoigGsQXky3GYVe1GgGdWzdwGyJsfkquGCqLrbsTZHfeG6jEB75v5ZJ1spL6felLGlaFyOl0GHtgN%2FNS1bjY5DoudYEy9EQeEBUwDZ6%2Bt%2Bm6TnQqrPLMsGp1Rj%2Ftk%2F8rS%2FkwUoG5VjkSOFl%2FKDhEcKpYFmTv%2FRiYasiLCBietrA%2Bztw52HQ1oxReexmazYYNLjutoIfaNPPEVZuGcpFsZlmpOJuRfbanTrDHjhueAZ78K7fjV903vvVOb0HSKMevKqGBiMno3GrhH9VEJnJoGtPwfRFcVaaEsotFN4LtfoQEV24fdE5n913gDcJj%2F4hC5Gr6Bw%3D%3D,v2
Classic Sunglasses,accessory,neutral,classic,male,https://storage.googleapis.com/wowapp1406.firebasestorage.app/staples_male_v2/Classic%20Sunglasses.png?GoogleAccessId=firebase-adminsdk-fbsvc%40wowapp1406.iam.gserviceaccount.com&Expires=2082758400&Signature=pa2my5eCcVemZnEK3c6tcs6HtihsE0hEYKNJoIeMUPCN03D2m4tLLSrJ9Bm7d6p88UNpWjYIgBTtBJq23uY9IygIgPnjlKPEYknhgV3PQrJ0bY%2BGa9aJcVrCZ9%2Fzrd%2BV%2FUMD3oCV0TjkgQ1oB8Jf%2B0%2F0o0q3hHpdEl7WcUrVg7CcfTaW3uqGonLseef46OW0qnWXXOew7Cj%2BvarNV7LUtI%2BPo1uW%2B%2BkaEefnOrBa9R2y97FjTDIDOvhkMbhe9SNFOrP%2Bt1%2FBz0S8q8%2FfY%2BMtKQ%2F5A2PIOqp8CXLPJT0Op7wvd%2FRCVt8%2B2hm%2BROy%2B%2FVW8DvDRzVzzDa4u1GdLhtW2uw%3D%3D,v2
Grey Casual Slip-On Shoes,shoes,grey,casual|everyday,male,https://storage.googleapis.com/wowapp1406.firebasestorage.app/staples_male_v2/Grey%20Casual%20Slip-On%20Shoes.png?GoogleAccessId=firebase-adminsdk-fbsvc%40wowapp1406.iam.gserviceaccount.com&Expires=2082758400&Signature=jy5qIsrJGwMw%2B%2FL%2BCRK4Ki7s5Rb3wHiZ2w42P3O3hiuIQAWa47A9oWtN5KRTrQysVeE9hJbCVqTm0J%2Bh1wmbwfPPg7NHlS%2FUoQH0ZYSpNYdxUkqblFd23PyJ6J0Eu0Yxk5WFJjLY%2BexfqljTiOHulAYcDpiBy%2Bx4HHejG0MKy67xBSxv963RE1qPM2JefRDnP3QSwVOLqFdyFvXyrbY0H9Sfz3Yc25RhMHvXOPzRcUqJd2lJaSRSTfO0dYKjLaJhBGZKYuj6lZhDXoBBEdTJBV5WpccMn9jy2%2BPVLPjFLBPHPPSZbjQuP8HzZOXv1iMHcqFlwMczJE8mt0KDv3uFSA%3D%3D,v2
Grey Formal Socks,accessory,grey,formal|classic,male,https://storage.googleapis.com/wowapp1406.firebasestorage.app/staples_male_v2/Grey%20Formal%20Socks.png?GoogleAccessId=firebase-adminsdk-fbsvc%40wowapp1406.iam.gserviceaccount.com&Expires=2082758400&Signature=NeslGd%2B7OqXhyVqzhFqNKGCclV50wu1DC6Wa%2FSpoTUAWyNbZa2B4%2FQhJhkcVaDa2RquCy3aZaTpDRGYjxT%2FDyjaYZMTvDb6qmsgSuImZcu7ZEw0J6Egc3bh9kzOy9M3v3eMBOrorET1KiVamLUNRUK4I7QWP7278IA5btIiLjy78zC1fpcCYJalc68N%2Fl67xLWHXIJp%2FyUwEfTYPH7AoJqcLpNub7hSdAqxcXeqtEz03O37vclQRe8CTd3RyCtSMeUShzffMfpOf%2FSzdlzc3YtdTqr8N37MuFaPh4DrptXEFrCtF8j43xAB%2BAHCmv8PI3C4Wkmb%2FccbLkXg5hJfnaQ%3D%3D,v2
Grey Hoodie,top,grey,comfort,male,https://storage.googleapis.com/wowapp1406.firebasestorage.app/staples_male_v2/Grey%20Hoodie.png?GoogleAccessId=firebase-adminsdk-fbsvc%40wowapp1406.iam.gserviceaccount.com&Expires=2082758400&Signature=Pe%2FB%2BYxM%2Br49yHutIbGCza%2F%2F8HCU8tnlBfqfcXJJa4KPa%2FyTtMnrrqal5WMgLShpzCwts42T3Ke34Yuz60gkVMCvSsXjjZzrK2P%2FWCzNCCuyFlrJgAXwl0S1UWa375LYUUNFdW93NFVt7w%2BRsNtAzg%2FNvQK5kFhq0c%2Fr%2BQ3cripuWRsjFWp6iuuUHXxirxK1DtYkzaYghKnEGn8tjxj1KFq00%2B2k3XLDsnBUtSDs6B9qWm2jvY1V8jyOcSzlWDnZU0q%2FQCB9CGgl%2Bi9KPDx2W6AdIcTuovuloUvvKWPQbkz8vbf8fuCOPuk5OnIUhfwCBOSKJ%2FdXSQnVmGkmCOK%2BYA%3D%3D,v2
Grey Lightweight Hoodie Jacket,outerwear,grey,comfort|layering,male,https://storage.googleapis.com/wowapp1406.firebasestorage.app/staples_male_v2/Grey%20Lightweight%20Hoodie%20Jacket.png?GoogleAccessId=firebase-adminsdk-fbsvc%40wowapp1406.iam.gserviceaccount.com&Expires=2082758400&Signature=zKc4Tc%2BwT4S5L4P3gjfojGwe3akn0Vhy%2FIU2yyOyEdK%2B%2BtSTrEnO6djP9ukJ8bA5qpR4dtqni2PFdGCz21soKKLogdmG8dwD9OD%2FOrS0W3sF%2B1TSYxDrYfugEdtcS8pehAY1jQ3wXWW9h8RPiJLwdi8%2FYohiLHehcaV6aY5tRkUZmtJJ55rIe%2Fm589AUQw2ZsmwOz0VfNo%2BtVl3p2m3jpylITi3L3pnW59R0THbc6dbsU45APHGJ9lIpea7TGEc%2F3ygY%2Fzi2MNjEwnACAKg4%2BhhdzjKxKhXoDyVS2nnTLxGjMS4Aq2vtRSCuo4l%2BT55KKsEfQeh2geJ9TxqqdVRp1A%3D%3D,v2
Grey Neutral Crewneck Sweater,top,grey,basic,male,https://storage.googleapis.com/wowapp1406.firebasestorage.app/staples_male_v2/Grey%20Neutral%20Crewneck%20Sweater.png?GoogleAccessId=firebase-adminsdk-fbsvc%40wowapp1406.iam.gserviceaccount.com&Expires=2082758400&Signature=O%2FYdwudR1RPpJqre5AYS%2F%2F8E0M%2FfKW5KyGtRx9HXGcn%2BcpoihMuyFL%2F2vaDST5kJKxvnl5FMvq5wCI9UOdxDz9QAiWKj1naT1bocMlAEmyKqmGugi6hH6uWSpVDmNty2%2Bfanj30%2BFu7nY1PsniOxTpxeFJgYqLHmpXPi0u1fL%2FWo4LZULOy838ulmek2Ka%2BZpXU4X%2BJOOw6JpT2mLqPnFr%2BoelTV7WTMWDl68PrVkSqowbgRAuFv48fbir1tr2p7qYx71HWVut%2BgJnBnHAI9jzdt6sVEfJh7dYSxcpUyDcYPThlaVIht2lli5eyxwDm%2BFh5PEF9D9XMB%2B5by0x5cLA%3D%3D,v2
Grey Trousers,bottom,grey,,male,https://storage.googleapis.com/wowapp1406.firebasestorage.app/staples_male_v2/Grey%20Trousers.png?GoogleAccessId=firebase-adminsdk-fbsvc%40wowapp1406.iam.gserviceaccount.com&Expires=2082758400&Signature=uQpugfPrwRob6V6BfVIFLosWxuOMUG6DUQDgeyCnUeEs1k%2BdWVDibKBRVXcS0egW5O0whtnwQMLqny%2Bxq1k1tQCU4YvzFI5tmOKddbAzLx%2Fb9p1wJKsUWy8xKh4S802PK0FOyJM3kMV8pabcAd23rWD2nhy2k81JpzNQV04j4tO03d0JBuRwgJtE6BbvRClPw52iQolUAZS7uNE0RtJNTqhsdbH9XIGw2YLkSWoy7Uppz04KQdaBp%2BbzpsXGlt9PRwDTD3WJbF7WIKlUCdL9P2pHsBXVZ3sRfxjUBzMODBUIDYzYCzmxoNC5hfacI7ie1GIr5gBdysuC6xZe1C041Q%3D%3D,v2
Light Blue Button-Down Shirt,top,light-blue,,male,https://storage.googleapis.com/wowapp1406.firebasestorage.app/staples_male_v2/Light%20Blue%20Button-Down%20Shirt.png?GoogleAccessId=firebase-adminsdk-fbsvc%40wowapp1406.iam.gserviceaccount.com&Expires=2082758400&Signature=zdEA70IKOe7YUIcUtHieFQMAacERpUicGKgRyAwp3m8Dwno90sT%2FV60KZzh2cMs%2F7celk2qFqfkUhYuc74vNjqquViOB%2F0UVdNEm4hR2okFvterGWHjj6slJRQN79rPSD27R5q1jhtH0CeM%2F0XTvnfCss%2B7L8ebzi5YUFL%2BD3jWoKDu0IIZw3umB9aIkgVUMzCzMBi6BgSyYYFEHaKEU8KjNwCxD8e91jh30dYW4FjS77OscDdvVRpjXSXhOSzDaEbtaZYImu7TTcZagYeV2o9nsgJI5p83BpZOaAS7QWye0GvJSBCv%2FqK5bs8XsFqKFJNgi5wwTZxBxFtXx%2FXiUJg%3D%3D,v2
Minimal Watch (black strap),accessory,neutral,classic,male,https://storage.googleapis.com/wowapp1406.firebasestorage.app/staples_male_v2/Minimal%20Watch%20%28black%20strap%29.png?GoogleAccessId=firebase-adminsdk-fbsvc%40wowapp1406.iam.gserviceaccount.com&Expires=2082758400&Signature=ixrAe0M7Zwwr7PsWE1qKMx6T%2BnQ4BR8Eo0OSMLtLCU4fL0%2FQqaNlwkbIwaPS2VzwJSmDrxAX%2Bgj0QgMeDX5xa41a3vZDuui%2FheDTTmJUHhs3iqYFCFOcI%2FlpisSv%2BykUvYx1v8p1RbokHzHEstaxPJXGvszHMn5yFhtkGxy9TLg9gtGwfe1wS%2BOSgPd4VBGWVY%2FtE78tdoBobfmBAFTmP5D5BZ4zuAAhIltnaNcegKG58hF04rTaJLFaraE5MRvOnvvjQHPrr18OsLhmuOBR0wqcivpCNPIbMu7HC6MW%2BgquWDd2fxALMDQl1%2BaUlAZTDOOKyQSMAvL7bClPrt0dQw%3D%3D,v2
Minimal Watch (brown strap),accessory,neutral,classic,male,https://storage.googleapis.com/wowapp1406.firebasestorage.app/staples_male_v2/Minimal%20Watch%20%28brown%20strap%29.png?GoogleAccessId=firebase-adminsdk-fbsvc%40wowapp1406.iam.gserviceaccount.com&Expires=2082758400&Signature=xDEXGH1mJbQB6s%2BEPOtKN87%2FnFPzxwqMDhgczzJ2cmhdUe325XBX%2BvA687BnGafS74%2BZKbsxlTeVXs5ct9BeLTqrLRcNjPqK7qW2lO3i9RSyUyDy3KH3LiKH7PXe8U25QbNQSI%2FuFuPV0CzJt7jpGgAt3PFFew9oflzk2gwp%2BIT6asXiAi86w3W0Mcr%2FCcWStHrzxl7RdBtJn8LybgsP6Mb%2FXRaUkJGEo1Ewhv5KPpoJwPTFfLCF28WP169%2BWNyhdhgi1SPswgzQnXe1p3iPdSI26iMeEF02IC6YC0JqbptxvFvY0zjWbPxx%2F0EqUNisX%2Ben4iW7GQu1WWJccTvXEA%3D%3D,v2
Navy Blazer,outerwear,navy,,male,https://storage.googleapis.com/wowapp1406.firebasestorage.app/staples_male_v2/Navy%20Blazer.png?GoogleAccessId=firebase-adminsdk-fbsvc%40wowapp1406.iam.gserviceaccount.com&Expires=2082758400&Signature=nFo4TVL0oEGN0MmW%2F6U94T4Tm7Ixw7M22R0VQe5wnXdXnYAX7ISQMHQ1nrVl%2BzZwDeMnEyBzFDh%2FqSAZI46yE%2ButD5FL2K29sqwxPCgWZH%2FxwlDeMPqSqPgYBiU%2Fm3HIt19eetZuRC2Jddl0j397ekMBJ3IDId3CvsfItldaTAMgNAZPZ58miHCYEQ%2BI%2FOUp1jM3NtbYnIS1xde3OS53bMbff99dwzfYr9f8bO6%2BY7z7PAufkhAAcm1KQmFdVLw0jfBSkV969ckt3mx3Fm6mMCkldMe844Kw7I1YepXgcHyqHXMYl7YT7yTFG4ri22EAAuw9aQq9jgfDwiUvBGyV8Q%3D%3D,v2
Navy Chinos,bottom,navy,,male,https://storage.googleapis.com/wowapp1406.firebasestorage.app/staples_male_v2/Navy%20Chinos.png?GoogleAccessId=firebase-adminsdk-fbsvc%40wowapp1406.iam.gserviceaccount.com&Expires=2082758400&Signature=Js0nMaIORMg3KIRkQbaLYaHB%2BK%2FHLxE37khi18KLWazdov2QKape2c6zdFF2eppQN%2BrDBpopAo98UrxX8ZbJcacUTTcNy6QVn%2FPtbf6X%2BDxTpfKQ03iGZvx1lK%2FhznCNF1Gg8R9hCF3XUgS%2FvBu%2FqTcEn%2B07TTVp0Xyvypp%2Bdsb5QvK%2B7o%2FmC6a26YuTQF%2BOY1LTicbQAiTyPOyFqE1Cs8t9qTgaPJpveNYmWMU6SJodDA7fA05nHSgPcnGHSW%2BtIkKgS1WXVDQ%2B3Vw6qgJoHvSweooX9r5OCq%2BT9kh8EokE9jFNWye%2BfTGc6MA2i4QQcNpIzL5HCitnPnoPtMfleQ%3D%3D,v2
Navy Crewneck T-Shirt,top,navy,basic,male,https://storage.googleapis.com/wowapp1406.firebasestorage.app/staples_male_v2/Navy%20Crewneck%20T-Shirt.png?GoogleAccessId=firebase-adminsdk-fbsvc%40wowapp1406.iam.gserviceaccount.com&Expires=2082758400&Signature=HrKyTFKN1LFuYOAN%2F%2FiEwuweb7eQLMVz2lkGZK%2FtJTwI6buu2yQIM1xmApnQg2HnjCqSFKWLq33SIk%2BsxT%2FXKWrekiBHeK0p0NUWMp3zG9oMRnbv3Zs2LsBQ2YGsQ2zAUx07SHlKCWnhpKltOk%2FiPHdb%2BMue1EDDMIxkCz%2FwiA81PshtdsDiV37%2Fr%2BcWrJ8BejL%2FrW8z7IsoTfCkiA9zeMjY9LtYrMfgKh%2Bki3FyJIhgunsP7onKJjiZTVHIlviWSJAAIa2eDxmWA5oZpGsklzsC49588z%2BouNFHCnwVNOJKXRx7mRaJA3281K%2B4E3lAM1kTFIpxoDjSF5a5f%2FS9Tw%3D%3D,v2
Neutral Backpack,accessory,neutral,classic,male,https://storage.googleapis.com/wowapp1406.firebasestorage.app/staples_male_v2/Neutral%20Backpack.png?GoogleAccessId=firebase-adminsdk-fbsvc%40wowapp1406.iam.gserviceaccount.com&Expires=2082758400&Signature=l2m2jEkuEVXsm%2FhSg7gxL9uPI9OanR3Mrcarg3qcgiPN4kkOQ9W1z07MFWpaeXoDo1N%2Bh626f0jrNnecB0zyMX4wn%2Bb6rmM6LGE0E17MM0YM3nM3ifzYVMQXLR9lQU%2FRWbxmUxfMZZkE3J1LmZBFXeldVIC4O3vaVHC7x3%2FWZF%2FSlRFUyd46DAyXb4N6yTKQPfDPDWuzrpHN0rhHkiTQWy7GMiVvP4WvsC%2Ba0VAn7bLwFCxT%2BVV5dgHZONovrGJX5DQXCIv3wJPgNP7FIKIDSmJnmSCiifWmNUQr2TSClx86DGhD0jaogzuKIKG%2FBa5c3oFU1mupuUX2Aqh%2BXLoDWw%3D%3D,v2
Olive Chinos,bottom,olive,,male,https://storage.googleapis.com/wowapp1406.firebasestorage.app/staples_male_v2/Olive%20Chinos.png?GoogleAccessId=firebase-adminsdk-fbsvc%40wowapp1406.iam.gserviceaccount.com&Expires=2082758400&Signature=evWPF2HBkqPuLW%2F3G7leQtTMTLGG6gueRixzZ%2BYNNrojxFO%2F4inZNqdYue905BdM7lMUpbPsg%2BNWijKo9fANyJV%2FWKUb3DkpxR5PTG7mtxEUJRM4npFU0RrPwDMalEPU7EiaAqLIM0qD0DY5L8bcBAtSC1kCRVueXJRT%2FJeIJbPkNeySI7Mx9xQR%2BW1nQ8cNDXSKoGNseZBy6ZiHNc5qAViZEWlfC%2BHHBpuPmg30p5a0Sl2M7lPQpKDBNKe78cKj9InyWzDM1u3CLShYb4mhEHveV%2B872Wp%2FY8Vk002SDNDPXC2wfJ9Kt7neVPW9RPSlM1i3lu%2FeLrmUfJ%2FwSrV8EQ%3D%3D,v2
Sports Shoes,shoes,neutral,everyday,male,https://storage.googleapis.com/wowapp1406.firebasestorage.app/staples_male_v2/Sports%20Shoes.png?GoogleAccessId=firebase-adminsdk-fbsvc%40wowapp1406.iam.gserviceaccount.com&Expires=2082758400&Signature=ivd%2Bjobt9tDhNBzlU6kCwMFMmYEfVnrDD%2Bq1KkAJihxRGJhpJesAUcM3X3l6Qe4NpC1GKBstWpVyAiLjftkgbc%2FbnHiwrCXj%2B5NNYimsWA56UVM9ArzeKmCeHIZ%2BvoGsFYAxEV%2BQci0ErmLBDNh9HFm9FRY4TtTi2sXktjYBylO0e8FK1JrvBhzaM98eHrNpC7tZo26EngWrxis01Hug%2BkVkkmthciyQ48tGmQ7pWwQCS11U3jAExAZyUnqF9cCLLgoD4hYgUb1p0prPYEcivLVmoNW702IbLuRvjS4HZf2XbzmTA4ckO%2F%2FEwvz8NoiEof1t%2FekUrXwnIzJ%2FafZQIQ%3D%3D,v2
White Crewneck T-Shirt,top,white,basic,male,https://storage.googleapis.com/wowapp1406.firebasestorage.app/staples_male_v2/White%20Crewneck%20T-Shirt.png?GoogleAccessId=firebase-adminsdk-fbsvc%40wowapp1406.iam.gserviceaccount.com&Expires=2082758400&Signature=C1ImhH4iUxp0gbwodSe9I7G1bTWbdi7MO%2FTmHa5Gdu3nrcP%2BSkF6wK3eNYl8vC6Mld9z2RGm32NpSRA0YqFh3RQqT%2BGoNIZdnob0w%2BGJsPQEbi2TuQm%2F3FBHshLzcZasm3gtBuPE9MP8hWjNdKtUYfoWE9U3tE6c1ZTkFlMqjnkJIqt7NyZcp11jtnIUpnuBbiehDxIQZYbxson1OiLV9B%2FBxvDcao%2FG03O6jxJnTOZ%2B3K0NRtI0tbr2KKJTE5m6s6dJ%2Ft2YdmnwQQ73TBf%2BTN9o1sP9pXOUQWjCrbU%2BiR0gdxuAjI0MwgzKiacKSQ8CTfEjsU5EFVGaiw9PytJhIQ%3D%3D,v2
White Formal Socks,accessory,white,formal|classic,male,https://storage.googleapis.com/wowapp1406.firebasestorage.app/staples_male_v2/White%20Formal%20Socks.png?GoogleAccessId=firebase-adminsdk-fbsvc%40wowapp1406.iam.gserviceaccount.com&Expires=2082758400&Signature=CYwqG9CejnZEConaJ3QObYnvxSM4xVKjmDp1yNst1cW2UpvQpNf5aYre88bSg58p6bBlsagAng0iZ7EpLIg2plL31kuLzxKQ34RG4qf2oI636efcWcGUZWXizKEZp%2B%2BplUaewZ%2Bvf31Bw9qU1%2BEmsZnnEwTEBmVNV8kmO5JQS0hsHQTUhR5NUEnlI506Y00F7j4obJuotd0ck%2FAMJ40LvLxRGCYq309fqeSGjfn0traO70bRJEPstaxuRLjtx111RGRmPU2skbW%2FV%2BkPfLdHbwb1Tlo03%2F2M8umh5Yf5rblJ2Df%2B90pExR%2BI0i2q9hN3GSzSNE3LrjrV2cc7s9wCKw%3D%3D,v2
White Linen Shirt,top,white,summer,male,https://storage.googleapis.com/wowapp1406.firebasestorage.app/staples_male_v2/White%20Linen%20Shirt.png?GoogleAccessId=firebase-adminsdk-fbsvc%40wowapp1406.iam.gserviceaccount.com&Expires=2082758400&Signature=THGzZF7FNL%2FJ1mvPTwcjXbPjDzhuTz4nSPZKf5sMFT1lK8if%2FxZphXpBn61dj5e6DUygTaazGQe1ZKcDsV5YoW6FtBiwVefp9N%2FayQoWI0HnK9P%2FQhxdEP7k0j8Lg4FEYWt2P%2BoaBYexBC9e7Q7riBF8i%2FO5Dglx%2Bt3DGmYMaOW9bONmPxLK2ShMaUJPMpGLJVtCTkj99Kpye6mpl8o7OCeIbHqwcR4tc8HMPgAZrNz6Hwpwh4GT9KVnwJP5Lxb2OW32fKSoSwiG5k5giHdF0acmXLzgUeq5Cs46LE0ljyf%2FANCAqgGhrmvauHDw8JZGIU5loWpdBMK1hcMAuuB92w%3D%3D,v2
White Oxford Shirt,top,white,,male,https://storage.googleapis.com/wowapp1406.firebasestorage.app/staples_male_v2/White%20Oxford%20Shirt.png?GoogleAccessId=firebase-adminsdk-fbsvc%40wowapp1406.iam.gserviceaccount.com&Expires=2082758400&Signature=XhjGnca3TBzkvs4z4A%2F8RnJP8G35rGLLZwYhUt4B834hFLByoDo4p4EQzQ7seiNbP7dc%2BmzHg6vgYm2hGA8qBO%2FmalZh%2B2hbViroPjoeSz%2FfRZju6xyudGBQHmTziStXPiPGMlRfjRaha3XvIT35BEB4C7FzyzYy3kGVzZVrFbtQZuuiZsAj06Kw8T5w2lJ3JvzcPiiZB7ir9aUSvf9jsRjH%2FJGlpPD0jeeeNxJZlKnzcI5lykfGOdR9eUiArtYtg0GcmaYdrLC%2FD38gjILhcQON2lKPwle2cSWHC7SKPOs0LIWqi6PLa7Jr1JX%2FA9D2W6ytmxWc7UXoF1t9GnwQfw%3D%3D,v2
White Polo T-Shirt,top,white,,male,https://storage.googleapis.com/wowapp1406.firebasestorage.app/staples_male_v2/White%20Polo%20T-Shirt.png?GoogleAccessId=firebase-adminsdk-fbsvc%40wowapp1406.iam.gserviceaccount.com&Expires=2082758400&Signature=J3BtS8RvV5EwXzg28onSpCQttiPoAxn9QAA9fHDm%2FZYUHEP93SJizfk4Ikj%2BPSy1EHlu2nKFw210QBuaQl66gmW0CE3TY%2BczlYTMNEuWxGb1aGCwB%2FNAO6VlVHjPFaf1M3GA4zswLXEqA42Y2Tdjm9SJWp13PtG5%2F2r5Pn5aWmwDQC9FgLEuegzBbaYySq%2BmmTEGmIdFsmzkgJzU%2FS7BDRShg2Ux85dE45HxMYqPnUtVBjmJ1OLbcaZbIu8EYm8QMZzzeUsEM3NIFB6ikr2BQwcnRo5oS1Fu%2FKN5MHRM%2B%2FB8591PFzDstZCTq0SkL%2FTWO7P%2BY2j05CzD365rXYtP2A%3D%3D,v2
White Sneakers,shoes,white,everyday,male,https://storage.googleapis.com/wowapp1406.firebasestorage.app/staples_male_v2/White%20Sneakers.png?GoogleAccessId=firebase-adminsdk-fbsvc%40wowapp1406.iam.gserviceaccount.com&Expires=2082758400&Signature=HLmbHAn%2BjEUs2QlSE9bgMe%2Fn%2BB%2FQPYPIIC7dyG%2BDIYUvhDroq7MTapl8LKH2U%2FLTAackcrJP4bZYDNB57Dm%2Be%2FDHzOFLg2EpD1iOkuMyInfEzyarammW%2BDbjwnXGq2LCttNW0q6lI3WdxACE8IFPCAhxly85a42KE3qiTUUQjXq0kWQKHsHQOXbrLBw%2BZpCozrQVf5WKzPnKV%2BrJiAS5gQf%2FZjNqGUlydmsnxOzAwZeSkHVkxXsdaYJgm%2B2L42IPuY1bnns3t9apITbf9tsAgmpdk%2FIiz3jUbFGjT1tlkSlVMhYnyEoAoalvP7ArbI2R0f6G8RbV2lgfpMUH%2FSYGJQ%3D%3D,v2
